{
  "wallets": [
    {
      "id": "paradym-wallet",
      "name": "Paradym Wallet",
      "description": "A user-friendly wallet for managing verifiable credentials, built on the Credo framework.",
      "logo": "https://paradym.id/logo.png",
      "website": "https://paradym.id",
      "type": "personal",
      "platforms": [
        "iOS",
        "Android"
      ],
      "openSource": true,
      "license": "Apache-2.0",
      "repository": "https://github.com/animo/paradym-wallet",
      "credentialFormats": [
        "SD-JWT-VC",
        "JWT-VC",
        "AnonCreds",
        "mDL/mDoc"
      ],
      "issuanceProtocols": [
        "OpenID4VCI",
        "DIDComm Issue Credential v2"
      ],
      "presentationProtocols": [
        "OpenID4VP",
        "DIDComm Present Proof v2",
        "SIOPv2"
      ],
      "supportedDIDMethods": [
        "did:web",
        "did:key",
        "did:jwk",
        "did:peer"
      ],
      "keyManagement": [
        "Secure Enclave (iOS)",
        "StrongBox (Android)",
        "Software"
      ],
      "certifications": [],
      "standards": [
        "ARF 1.4",
        "HAIP"
      ],
      "features": [
        "Biometric authentication",
        "QR code scanning",
        "Credential sharing",
        "Backup & recovery"
      ],
      "documentation": "https://docs.paradym.id",
      "appStoreLinks": {
        "iOS": "https://apps.apple.com/app/paradym-wallet/id123456789",
        "android": "https://play.google.com/store/apps/details?id=id.paradym.wallet"
      },
      "status": "production",
      "releaseDate": "2023-06-01",
      "provider": {
        "name": "Animo Solutions",
        "did": "did:web:animo.id",
        "website": "https://animo.id",
        "logo": "https://animo.id/images/logo.png",
        "contact": {
          "email": "info@animo.id",
          "support": "https://animo.id/support"
        }
      },
      "catalogUrl": "/Users/victorvanderhulst/Projects/wallet-catalog/examples/animo/wallet-catalog.json",
      "fetchedAt": "2026-01-06T06:30:33.770Z",
      "source": "local"
    },
    {
      "id": "bc-wallet",
      "name": "BC Wallet",
      "description": "A government-issued digital wallet for citizens of British Columbia, built on Hyperledger Aries, enabling secure storage of government-issued credentials.",
      "logo": "https://digital.gov.bc.ca/bc-wallet-logo.png",
      "website": "https://www2.gov.bc.ca/gov/content/governments/government-id/bc-wallet",
      "type": "personal",
      "platforms": [
        "iOS",
        "Android"
      ],
      "openSource": true,
      "license": "Apache-2.0",
      "repository": "https://github.com/bcgov/bc-wallet-mobile",
      "credentialFormats": [
        "AnonCreds"
      ],
      "issuanceProtocols": [
        "DIDComm Issue Credential v1"
      ],
      "presentationProtocols": [
        "DIDComm Present Proof v1"
      ],
      "supportedDIDMethods": [
        "did:peer",
        "did:indy"
      ],
      "keyManagement": [
        "Secure Enclave (iOS)",
        "StrongBox (Android)"
      ],
      "certifications": [],
      "standards": [],
      "features": [
        "Government credential issuance",
        "Person credential",
        "Lawyer credential",
        "Biometric authentication",
        "Offline support"
      ],
      "documentation": "https://github.com/bcgov/bc-wallet-mobile/wiki",
      "appStoreLinks": {
        "iOS": "https://apps.apple.com/app/bc-wallet/id1587380443",
        "android": "https://play.google.com/store/apps/details?id=ca.bc.gov.BCWallet"
      },
      "status": "production",
      "releaseDate": "2022-05-01",
      "provider": {
        "name": "Government of British Columbia",
        "did": "did:web:digital.gov.bc.ca",
        "website": "https://digital.gov.bc.ca",
        "logo": "https://digital.gov.bc.ca/logo.png",
        "contact": {
          "email": "DItrust@gov.bc.ca"
        }
      },
      "catalogUrl": "/Users/victorvanderhulst/Projects/wallet-catalog/examples/bcgov/wallet-catalog.json",
      "fetchedAt": "2026-01-06T06:30:33.771Z",
      "source": "local"
    },
    {
      "id": "esatus-wallet",
      "name": "esatus Wallet",
      "description": "Enterprise identity wallet with focus on organizational credentials and compliance.",
      "logo": "https://esatus.com/wallet-logo.png",
      "website": "https://esatus.com/wallet",
      "type": "organizational",
      "platforms": [
        "iOS",
        "Android",
        "Web",
        "Windows"
      ],
      "openSource": false,
      "credentialFormats": [
        "SD-JWT-VC",
        "JWT-VC",
        "X.509"
      ],
      "issuanceProtocols": [
        "OpenID4VCI"
      ],
      "presentationProtocols": [
        "OpenID4VP",
        "SIOPv2"
      ],
      "supportedDIDMethods": [
        "did:web",
        "did:key",
        "did:ebsi"
      ],
      "keyManagement": [
        "HSM",
        "Cloud KMS",
        "Software"
      ],
      "certifications": [
        "ISO 27001",
        "EUDI Wallet LSP"
      ],
      "standards": [
        "ARF 1.4",
        "EBSI"
      ],
      "features": [
        "Enterprise SSO integration",
        "Audit logging",
        "Multi-organization support",
        "Role-based access control"
      ],
      "documentation": "https://docs.esatus.com",
      "status": "production",
      "releaseDate": "2021-09-01",
      "provider": {
        "name": "esatus AG",
        "did": "did:web:esatus.com",
        "website": "https://esatus.com",
        "logo": "https://esatus.com/logo.png",
        "contact": {
          "email": "info@esatus.com"
        }
      },
      "catalogUrl": "/Users/victorvanderhulst/Projects/wallet-catalog/examples/esatus/wallet-catalog.json",
      "fetchedAt": "2026-01-06T06:30:33.772Z",
      "source": "local"
    },
    {
      "id": "esatus-consumer-wallet",
      "name": "esatus Personal Wallet",
      "description": "Consumer-focused wallet for personal digital identity.",
      "website": "https://esatus.com/personal-wallet",
      "type": "personal",
      "platforms": [
        "iOS",
        "Android"
      ],
      "openSource": false,
      "credentialFormats": [
        "SD-JWT-VC",
        "mDL/mDoc"
      ],
      "issuanceProtocols": [
        "OpenID4VCI"
      ],
      "presentationProtocols": [
        "OpenID4VP",
        "ISO 18013-5"
      ],
      "supportedDIDMethods": [
        "did:key",
        "did:jwk"
      ],
      "keyManagement": [
        "Secure Enclave (iOS)",
        "StrongBox (Android)"
      ],
      "certifications": [],
      "standards": [
        "ARF 1.4"
      ],
      "features": [
        "Biometric authentication",
        "Offline verification",
        "Privacy-preserving presentations"
      ],
      "status": "beta",
      "releaseDate": "2024-11-01",
      "provider": {
        "name": "esatus AG",
        "did": "did:web:esatus.com",
        "website": "https://esatus.com",
        "logo": "https://esatus.com/logo.png",
        "contact": {
          "email": "info@esatus.com"
        }
      },
      "catalogUrl": "/Users/victorvanderhulst/Projects/wallet-catalog/examples/esatus/wallet-catalog.json",
      "fetchedAt": "2026-01-06T06:30:33.772Z",
      "source": "local"
    },
    {
      "id": "idemia-digital-id-wallet",
      "name": "IDEMIA Digital ID Wallet",
      "description": "An enterprise-grade digital identity wallet from a global leader in identity solutions, designed for government-scale deployments with ISO-compliant mobile driving licenses.",
      "logo": "https://idemia.com/wallet-logo.png",
      "website": "https://idemia.com/digital-id-wallet",
      "type": "personal",
      "platforms": [
        "iOS",
        "Android"
      ],
      "openSource": false,
      "credentialFormats": [
        "mDL/mDoc",
        "SD-JWT-VC"
      ],
      "issuanceProtocols": [
        "OpenID4VCI",
        "ISO 18013-5 (Device Retrieval)"
      ],
      "presentationProtocols": [
        "OpenID4VP",
        "ISO 18013-5"
      ],
      "supportedDIDMethods": [
        "did:key",
        "did:web"
      ],
      "keyManagement": [
        "Secure Enclave (iOS)",
        "StrongBox (Android)",
        "TEE"
      ],
      "certifications": [
        "EUDI Wallet LSP",
        "Common Criteria"
      ],
      "standards": [
        "ARF 1.4",
        "mDL ISO 18013-5"
      ],
      "features": [
        "Government-scale deployment",
        "ISO 18013-5 compliant mDL",
        "NFC proximity verification",
        "Biometric binding",
        "High assurance identity proofing"
      ],
      "documentation": "https://idemia.com/developers",
      "status": "production",
      "releaseDate": "2020-09-01",
      "provider": {
        "name": "IDEMIA",
        "did": "did:web:idemia.com",
        "website": "https://idemia.com",
        "logo": "https://idemia.com/logo.png",
        "contact": {
          "email": "contact@idemia.com"
        }
      },
      "catalogUrl": "/Users/victorvanderhulst/Projects/wallet-catalog/examples/idemia/wallet-catalog.json",
      "fetchedAt": "2026-01-06T06:30:33.772Z",
      "source": "local"
    },
    {
      "id": "igrant-data-wallet",
      "name": "Data Wallet by iGrant.io",
      "description": "A privacy-first data wallet focused on GDPR compliance and data exchange, enabling individuals to manage consent and share verifiable credentials securely.",
      "logo": "https://igrant.io/wallet-logo.png",
      "website": "https://igrant.io/datawallet",
      "type": "personal",
      "platforms": [
        "iOS",
        "Android",
        "Web"
      ],
      "openSource": true,
      "license": "Apache-2.0",
      "repository": "https://github.com/decentralised-dataexchange/data-wallet",
      "credentialFormats": [
        "SD-JWT-VC",
        "JWT-VC",
        "AnonCreds"
      ],
      "issuanceProtocols": [
        "OpenID4VCI",
        "DIDComm Issue Credential v2"
      ],
      "presentationProtocols": [
        "OpenID4VP",
        "DIDComm Present Proof v2"
      ],
      "supportedDIDMethods": [
        "did:key",
        "did:web",
        "did:peer"
      ],
      "keyManagement": [
        "Secure Enclave (iOS)",
        "StrongBox (Android)",
        "Software"
      ],
      "certifications": [],
      "standards": [
        "ARF 1.4"
      ],
      "features": [
        "GDPR consent management",
        "Data agreement signing",
        "Privacy dashboard",
        "Credential sharing with consent",
        "Audit trail"
      ],
      "documentation": "https://docs.igrant.io",
      "appStoreLinks": {
        "iOS": "https://apps.apple.com/app/data-wallet/id1522644429",
        "android": "https://play.google.com/store/apps/details?id=io.igrant.mobileagent"
      },
      "status": "production",
      "releaseDate": "2021-06-01",
      "provider": {
        "name": "iGrant.io",
        "did": "did:web:igrant.io",
        "website": "https://igrant.io",
        "logo": "https://igrant.io/logo.png",
        "contact": {
          "email": "info@igrant.io"
        }
      },
      "catalogUrl": "/Users/victorvanderhulst/Projects/wallet-catalog/examples/igrant/wallet-catalog.json",
      "fetchedAt": "2026-01-06T06:30:33.772Z",
      "source": "local"
    },
    {
      "id": "lissi-wallet",
      "name": "Lissi Wallet",
      "description": "A privacy-focused digital identity wallet developed by Neosfer, a subsidiary of Commerzbank, enabling users to securely store and share verifiable credentials.",
      "logo": "https://lissi.id/wallet-logo.png",
      "website": "https://lissi.id/wallet",
      "type": "personal",
      "platforms": [
        "iOS",
        "Android"
      ],
      "openSource": false,
      "credentialFormats": [
        "SD-JWT-VC",
        "AnonCreds",
        "JWT-VC"
      ],
      "issuanceProtocols": [
        "OpenID4VCI",
        "DIDComm Issue Credential v2"
      ],
      "presentationProtocols": [
        "OpenID4VP",
        "DIDComm Present Proof v2",
        "SIOPv2"
      ],
      "supportedDIDMethods": [
        "did:key",
        "did:peer",
        "did:indy"
      ],
      "keyManagement": [
        "Secure Enclave (iOS)",
        "StrongBox (Android)",
        "Software"
      ],
      "certifications": [
        "EUDI Wallet LSP"
      ],
      "standards": [
        "ARF 1.4"
      ],
      "features": [
        "Biometric authentication",
        "Privacy-preserving selective disclosure",
        "Credential backup",
        "Multi-language support"
      ],
      "documentation": "https://docs.lissi.id",
      "appStoreLinks": {
        "iOS": "https://apps.apple.com/app/lissi-wallet/id1529848685",
        "android": "https://play.google.com/store/apps/details?id=io.lissi.mobile.android"
      },
      "status": "production",
      "releaseDate": "2021-01-15",
      "provider": {
        "name": "Neosfer GmbH",
        "did": "did:web:lissi.id",
        "website": "https://lissi.id",
        "logo": "https://lissi.id/logo.png",
        "contact": {
          "email": "info@lissi.id"
        }
      },
      "catalogUrl": "/Users/victorvanderhulst/Projects/wallet-catalog/examples/lissi/wallet-catalog.json",
      "fetchedAt": "2026-01-06T06:30:33.773Z",
      "source": "local"
    },
    {
      "id": "procivis-one",
      "name": "Procivis One",
      "description": "A comprehensive Swiss-made digital identity platform combining wallet, issuer, and verifier capabilities with strong focus on privacy and security.",
      "logo": "https://procivis.ch/one-logo.png",
      "website": "https://procivis.ch/one",
      "type": "personal",
      "platforms": [
        "iOS",
        "Android",
        "Web"
      ],
      "openSource": true,
      "license": "Apache-2.0",
      "repository": "https://github.com/procivis/one-core",
      "credentialFormats": [
        "SD-JWT-VC",
        "JWT-VC",
        "JSON-LD VC",
        "mDL/mDoc"
      ],
      "issuanceProtocols": [
        "OpenID4VCI"
      ],
      "presentationProtocols": [
        "OpenID4VP",
        "ISO 18013-5",
        "SIOPv2"
      ],
      "supportedDIDMethods": [
        "did:web",
        "did:key",
        "did:jwk"
      ],
      "keyManagement": [
        "Secure Enclave (iOS)",
        "StrongBox (Android)",
        "HSM"
      ],
      "certifications": [],
      "standards": [
        "ARF 1.4",
        "HAIP"
      ],
      "features": [
        "Swiss data protection compliance",
        "On-premise deployment",
        "Credential revocation",
        "Audit logging",
        "Multi-language support"
      ],
      "documentation": "https://docs.procivis.ch",
      "appStoreLinks": {
        "iOS": "https://apps.apple.com/app/procivis-one/id1234567890",
        "android": "https://play.google.com/store/apps/details?id=ch.procivis.one"
      },
      "status": "production",
      "releaseDate": "2023-01-15",
      "provider": {
        "name": "Procivis AG",
        "did": "did:web:procivis.ch",
        "website": "https://procivis.ch",
        "logo": "https://procivis.ch/logo.png",
        "contact": {
          "email": "info@procivis.ch"
        }
      },
      "catalogUrl": "/Users/victorvanderhulst/Projects/wallet-catalog/examples/procivis/wallet-catalog.json",
      "fetchedAt": "2026-01-06T06:30:33.773Z",
      "source": "local"
    },
    {
      "id": "sphereon-wallet",
      "name": "Sphereon Wallet",
      "description": "Enterprise-grade digital identity wallet with support for multiple credential formats and protocols.",
      "logo": "https://sphereon.com/wallet-logo.png",
      "website": "https://sphereon.com/wallet",
      "type": "personal",
      "platforms": [
        "iOS",
        "Android",
        "Web"
      ],
      "openSource": true,
      "license": "Apache-2.0",
      "repository": "https://github.com/Sphereon-Opensource/ssi-mobile-wallet",
      "credentialFormats": [
        "SD-JWT-VC",
        "JWT-VC",
        "JSON-LD VC",
        "mDL/mDoc"
      ],
      "issuanceProtocols": [
        "OpenID4VCI"
      ],
      "presentationProtocols": [
        "OpenID4VP",
        "SIOPv2"
      ],
      "supportedDIDMethods": [
        "did:web",
        "did:key",
        "did:jwk",
        "did:ion",
        "did:ebsi"
      ],
      "keyManagement": [
        "Secure Enclave (iOS)",
        "StrongBox (Android)",
        "Software"
      ],
      "certifications": [
        "EUDI Wallet LSP"
      ],
      "standards": [
        "ARF 1.4",
        "EBSI"
      ],
      "features": [
        "Multi-tenant support",
        "Enterprise integration",
        "Biometric authentication",
        "Cross-platform sync"
      ],
      "documentation": "https://docs.sphereon.com/wallet",
      "appStoreLinks": {
        "iOS": "https://apps.apple.com/app/sphereon-wallet/id987654321",
        "android": "https://play.google.com/store/apps/details?id=com.sphereon.wallet"
      },
      "status": "production",
      "releaseDate": "2022-03-15",
      "provider": {
        "name": "Sphereon",
        "did": "did:web:sphereon.com",
        "website": "https://sphereon.com",
        "logo": "https://sphereon.com/logo.png",
        "contact": {
          "email": "info@sphereon.com"
        }
      },
      "catalogUrl": "/Users/victorvanderhulst/Projects/wallet-catalog/examples/sphereon/wallet-catalog.json",
      "fetchedAt": "2026-01-06T06:30:33.774Z",
      "source": "local"
    },
    {
      "id": "thales-digital-id-wallet",
      "name": "Thales Digital ID Wallet",
      "description": "An enterprise digital identity wallet solution from Thales, supporting mobile driver's licenses and government credentials with strong security guarantees.",
      "logo": "https://thalesgroup.com/wallet-logo.png",
      "website": "https://thalesgroup.com/digital-id-wallet",
      "type": "personal",
      "platforms": [
        "iOS",
        "Android"
      ],
      "openSource": false,
      "credentialFormats": [
        "mDL/mDoc",
        "SD-JWT-VC",
        "X.509"
      ],
      "issuanceProtocols": [
        "OpenID4VCI",
        "ISO 18013-5 (Device Retrieval)"
      ],
      "presentationProtocols": [
        "OpenID4VP",
        "ISO 18013-5"
      ],
      "supportedDIDMethods": [
        "did:web",
        "did:key"
      ],
      "keyManagement": [
        "Secure Enclave (iOS)",
        "StrongBox (Android)",
        "HSM",
        "Smart Card"
      ],
      "certifications": [
        "EUDI Wallet LSP",
        "Common Criteria",
        "ISO 27001"
      ],
      "standards": [
        "ARF 1.4",
        "mDL ISO 18013-5",
        "EBSI"
      ],
      "features": [
        "Government-grade security",
        "Remote identity proofing",
        "PKI integration",
        "Smart card support",
        "Enterprise MDM integration"
      ],
      "documentation": "https://thalesgroup.com/developers",
      "status": "production",
      "releaseDate": "2021-03-01",
      "provider": {
        "name": "Thales Group",
        "did": "did:web:thalesgroup.com",
        "website": "https://thalesgroup.com",
        "logo": "https://thalesgroup.com/logo.png",
        "contact": {
          "email": "dis.info@thalesgroup.com"
        }
      },
      "catalogUrl": "/Users/victorvanderhulst/Projects/wallet-catalog/examples/thales/wallet-catalog.json",
      "fetchedAt": "2026-01-06T06:30:33.774Z",
      "source": "local"
    },
    {
      "id": "trinsic-wallet",
      "name": "Trinsic Wallet",
      "description": "A developer-friendly identity wallet platform with white-label SDKs and APIs, enabling organizations to quickly deploy verifiable credential solutions.",
      "logo": "https://trinsic.id/wallet-logo.png",
      "website": "https://trinsic.id/wallet",
      "type": "personal",
      "platforms": [
        "iOS",
        "Android",
        "Web"
      ],
      "openSource": false,
      "credentialFormats": [
        "SD-JWT-VC",
        "JWT-VC",
        "AnonCreds"
      ],
      "issuanceProtocols": [
        "OpenID4VCI"
      ],
      "presentationProtocols": [
        "OpenID4VP",
        "SIOPv2"
      ],
      "supportedDIDMethods": [
        "did:web",
        "did:key",
        "did:ion"
      ],
      "keyManagement": [
        "Secure Enclave (iOS)",
        "StrongBox (Android)",
        "Cloud KMS"
      ],
      "certifications": [],
      "standards": [],
      "features": [
        "White-label SDK",
        "Developer-friendly API",
        "Credential templates",
        "Analytics dashboard",
        "Multi-platform support"
      ],
      "documentation": "https://docs.trinsic.id",
      "appStoreLinks": {
        "iOS": "https://apps.apple.com/app/trinsic-wallet/id1475160728",
        "android": "https://play.google.com/store/apps/details?id=id.trinsic.wallet"
      },
      "status": "production",
      "releaseDate": "2020-03-01",
      "provider": {
        "name": "Trinsic",
        "did": "did:web:trinsic.id",
        "website": "https://trinsic.id",
        "logo": "https://trinsic.id/logo.png",
        "contact": {
          "email": "support@trinsic.id"
        }
      },
      "catalogUrl": "/Users/victorvanderhulst/Projects/wallet-catalog/examples/trinsic/wallet-catalog.json",
      "fetchedAt": "2026-01-06T06:30:33.774Z",
      "source": "local"
    },
    {
      "id": "waltid-wallet",
      "name": "walt.id Web Wallet",
      "description": "An open-source, white-label identity wallet solution that can be deployed as a web application, supporting multiple credential formats and protocols.",
      "logo": "https://walt.id/wallet-logo.png",
      "website": "https://wallet.walt.id",
      "type": "organizational",
      "platforms": [
        "Web"
      ],
      "openSource": true,
      "license": "Apache-2.0",
      "repository": "https://github.com/walt-id/waltid-identity",
      "credentialFormats": [
        "SD-JWT-VC",
        "JWT-VC",
        "JSON-LD VC",
        "mDL/mDoc"
      ],
      "issuanceProtocols": [
        "OpenID4VCI"
      ],
      "presentationProtocols": [
        "OpenID4VP",
        "SIOPv2"
      ],
      "supportedDIDMethods": [
        "did:web",
        "did:key",
        "did:jwk",
        "did:ebsi",
        "did:cheqd"
      ],
      "keyManagement": [
        "Software",
        "Cloud KMS"
      ],
      "certifications": [],
      "standards": [
        "ARF 1.4",
        "EBSI"
      ],
      "features": [
        "White-label customization",
        "Multi-tenant support",
        "REST API",
        "Kubernetes deployment",
        "DID management"
      ],
      "documentation": "https://docs.walt.id",
      "appStoreLinks": {
        "web": "https://wallet.walt.id"
      },
      "status": "production",
      "releaseDate": "2022-06-01",
      "provider": {
        "name": "walt.id",
        "did": "did:web:walt.id",
        "website": "https://walt.id",
        "logo": "https://walt.id/logo.png",
        "contact": {
          "email": "office@walt.id"
        }
      },
      "catalogUrl": "/Users/victorvanderhulst/Projects/wallet-catalog/examples/waltid/wallet-catalog.json",
      "fetchedAt": "2026-01-06T06:30:33.774Z",
      "source": "local"
    }
  ],
  "providers": [
    {
      "name": "Animo Solutions",
      "did": "did:web:animo.id",
      "website": "https://animo.id",
      "logo": "https://animo.id/images/logo.png",
      "contact": {
        "email": "info@animo.id",
        "support": "https://animo.id/support"
      }
    },
    {
      "name": "Government of British Columbia",
      "did": "did:web:digital.gov.bc.ca",
      "website": "https://digital.gov.bc.ca",
      "logo": "https://digital.gov.bc.ca/logo.png",
      "contact": {
        "email": "DItrust@gov.bc.ca"
      }
    },
    {
      "name": "esatus AG",
      "did": "did:web:esatus.com",
      "website": "https://esatus.com",
      "logo": "https://esatus.com/logo.png",
      "contact": {
        "email": "info@esatus.com"
      }
    },
    {
      "name": "IDEMIA",
      "did": "did:web:idemia.com",
      "website": "https://idemia.com",
      "logo": "https://idemia.com/logo.png",
      "contact": {
        "email": "contact@idemia.com"
      }
    },
    {
      "name": "iGrant.io",
      "did": "did:web:igrant.io",
      "website": "https://igrant.io",
      "logo": "https://igrant.io/logo.png",
      "contact": {
        "email": "info@igrant.io"
      }
    },
    {
      "name": "Neosfer GmbH",
      "did": "did:web:lissi.id",
      "website": "https://lissi.id",
      "logo": "https://lissi.id/logo.png",
      "contact": {
        "email": "info@lissi.id"
      }
    },
    {
      "name": "Procivis AG",
      "did": "did:web:procivis.ch",
      "website": "https://procivis.ch",
      "logo": "https://procivis.ch/logo.png",
      "contact": {
        "email": "info@procivis.ch"
      }
    },
    {
      "name": "Sphereon",
      "did": "did:web:sphereon.com",
      "website": "https://sphereon.com",
      "logo": "https://sphereon.com/logo.png",
      "contact": {
        "email": "info@sphereon.com"
      }
    },
    {
      "name": "Thales Group",
      "did": "did:web:thalesgroup.com",
      "website": "https://thalesgroup.com",
      "logo": "https://thalesgroup.com/logo.png",
      "contact": {
        "email": "dis.info@thalesgroup.com"
      }
    },
    {
      "name": "Trinsic",
      "did": "did:web:trinsic.id",
      "website": "https://trinsic.id",
      "logo": "https://trinsic.id/logo.png",
      "contact": {
        "email": "support@trinsic.id"
      }
    },
    {
      "name": "walt.id",
      "did": "did:web:walt.id",
      "website": "https://walt.id",
      "logo": "https://walt.id/logo.png",
      "contact": {
        "email": "office@walt.id"
      }
    }
  ],
  "lastUpdated": "2026-01-06T06:30:34.314Z",
  "stats": {
    "totalWallets": 12,
    "totalProviders": 11,
    "byType": {
      "personal": 10,
      "organizational": 2
    },
    "byPlatform": {
      "iOS": 11,
      "Android": 11,
      "Web": 6,
      "Windows": 1,
      "macOS": 0,
      "Linux": 0,
      "CLI": 0
    },
    "byCredentialFormat": {
      "SD-JWT-VC": 11,
      "JWT-VC": 8,
      "AnonCreds": 5,
      "mDL/mDoc": 7,
      "X.509": 2,
      "JSON-LD VC": 3
    }
  }
}