{
  "wallets": [
    {
      "id": "paradym-wallet",
      "name": "Paradym Wallet",
      "description": "A user-friendly wallet for managing verifiable credentials, built on the Credo framework.",
      "logo": "https://paradym.id/logo.png",
      "website": "https://paradym.id",
      "type": "personal",
      "platforms": [
        "iOS",
        "Android"
      ],
      "openSource": true,
      "license": "Apache-2.0",
      "repository": "https://github.com/animo/paradym-wallet",
      "credentialFormats": [
        "SD-JWT-VC",
        "JWT-VC",
        "AnonCreds",
        "mDL/mDoc"
      ],
      "issuanceProtocols": [
        "OpenID4VCI",
        "DIDComm Issue Credential v2"
      ],
      "presentationProtocols": [
        "OpenID4VP",
        "DIDComm Present Proof v2",
        "SIOPv2"
      ],
      "supportedDIDMethods": [
        "did:web",
        "did:key",
        "did:jwk",
        "did:peer"
      ],
      "keyManagement": [
        "Secure Enclave (iOS)",
        "StrongBox (Android)",
        "Software"
      ],
      "certifications": [],
      "interoperabilityProfiles": [
        "HAIP"
      ],
      "standards": [
        "ARF 1.4"
      ],
      "features": [
        "Biometric authentication",
        "QR code scanning",
        "Credential sharing",
        "Backup & recovery"
      ],
      "documentation": "https://docs.paradym.id",
      "appStoreLinks": {
        "iOS": "https://apps.apple.com/us/app/paradym-wallet/id6449846111",
        "android": "https://play.google.com/store/apps/details?id=id.paradym.wallet"
      },
      "status": "production",
      "releaseDate": "2023-06-01",
      "provider": {
        "name": "Animo Solutions",
        "did": "did:web:animo.id",
        "website": "https://animo.id",
        "logo": "https://animo.id/images/logo.png",
        "contact": {
          "email": "info@animo.id",
          "support": "https://animo.id/support"
        }
      },
      "catalogUrl": "/Users/victorvanderhulst/Projects/wallet-catalog/community-catalogs/animo/wallet-catalog.json",
      "fetchedAt": "2026-01-06T08:49:56.452Z",
      "source": "local"
    },
    {
      "id": "apple-wallet",
      "name": "Apple Wallet",
      "description": "Apple's built-in wallet app for iPhone, supporting payment cards, boarding passes, tickets, and increasingly digital identity credentials like driver's licenses.",
      "type": "personal",
      "platforms": [
        "iOS"
      ],
      "credentialFormats": [
        "mDL/mDoc"
      ],
      "website": "https://www.apple.com/wallet/",
      "appStoreLinks": {
        "iOS": "https://apps.apple.com/us/app/apple-wallet/id1160481993"
      },
      "openSource": false,
      "status": "production",
      "provider": {
        "name": "Apple",
        "website": "https://www.apple.com"
      },
      "catalogUrl": "/Users/victorvanderhulst/Projects/wallet-catalog/community-catalogs/apple/wallet-catalog.json",
      "fetchedAt": "2026-01-06T08:49:56.453Z",
      "source": "local"
    },
    {
      "id": "bc-wallet",
      "name": "BC Wallet",
      "description": "A government-issued digital wallet for citizens of British Columbia, built on Hyperledger Aries, enabling secure storage of government-issued credentials.",
      "logo": "https://digital.gov.bc.ca/bc-wallet-logo.png",
      "website": "https://www2.gov.bc.ca/gov/content/governments/government-id/bc-wallet",
      "type": "personal",
      "platforms": [
        "iOS",
        "Android"
      ],
      "openSource": true,
      "license": "Apache-2.0",
      "repository": "https://github.com/bcgov/bc-wallet-mobile",
      "credentialFormats": [
        "AnonCreds"
      ],
      "issuanceProtocols": [
        "DIDComm Issue Credential v1"
      ],
      "presentationProtocols": [
        "DIDComm Present Proof v1"
      ],
      "supportedDIDMethods": [
        "did:peer",
        "did:indy"
      ],
      "keyManagement": [
        "Secure Enclave (iOS)",
        "StrongBox (Android)"
      ],
      "certifications": [],
      "standards": [],
      "features": [
        "Government credential issuance",
        "Person credential",
        "Lawyer credential",
        "Biometric authentication",
        "Offline support"
      ],
      "documentation": "https://github.com/bcgov/bc-wallet-mobile/wiki",
      "appStoreLinks": {
        "iOS": "https://apps.apple.com/app/bc-wallet/id1587380443",
        "android": "https://play.google.com/store/apps/details?id=ca.bc.gov.BCWallet"
      },
      "status": "production",
      "releaseDate": "2022-05-01",
      "provider": {
        "name": "Government of British Columbia",
        "did": "did:web:digital.gov.bc.ca",
        "website": "https://digital.gov.bc.ca",
        "logo": "https://digital.gov.bc.ca/logo.png",
        "contact": {
          "email": "DItrust@gov.bc.ca"
        }
      },
      "catalogUrl": "/Users/victorvanderhulst/Projects/wallet-catalog/community-catalogs/bcgov/wallet-catalog.json",
      "fetchedAt": "2026-01-06T08:49:56.454Z",
      "source": "local"
    },
    {
      "id": "digidentity-wallet",
      "name": "Digidentity Wallet",
      "description": "A HAIP-compliant identity wallet from Digidentity, supporting secure digital identity verification and verifiable credentials for government and enterprise use cases.",
      "type": "personal",
      "platforms": [
        "iOS",
        "Android"
      ],
      "credentialFormats": [
        "SD-JWT-VC",
        "JWT-VC"
      ],
      "protocols": {
        "issuance": [
          "OpenID4VCI"
        ],
        "presentation": [
          "OpenID4VP"
        ]
      },
      "interoperabilityProfiles": [
        "HAIP"
      ],
      "website": "https://www.digidentity.com",
      "appStoreLinks": {
        "iOS": "https://apps.apple.com/app/digidentity-wallet/id916749732",
        "android": "https://play.google.com/store/apps/details?id=com.digidentity"
      },
      "openSource": false,
      "status": "production",
      "provider": {
        "name": "Digidentity",
        "website": "https://www.digidentity.com"
      },
      "catalogUrl": "/Users/victorvanderhulst/Projects/wallet-catalog/community-catalogs/digidentity/wallet-catalog.json",
      "fetchedAt": "2026-01-06T08:49:56.454Z",
      "source": "local"
    },
    {
      "id": "esatus-wallet",
      "name": "esatus Wallet",
      "description": "Enterprise identity wallet with focus on organizational credentials and compliance.",
      "logo": "https://esatus.com/wallet-logo.png",
      "website": "https://esatus.com/wallet",
      "type": "organizational",
      "platforms": [
        "iOS",
        "Android",
        "Web",
        "Windows"
      ],
      "openSource": false,
      "credentialFormats": [
        "SD-JWT-VC",
        "JWT-VC",
        "X.509"
      ],
      "issuanceProtocols": [
        "OpenID4VCI"
      ],
      "presentationProtocols": [
        "OpenID4VP",
        "SIOPv2"
      ],
      "supportedDIDMethods": [
        "did:web",
        "did:key",
        "did:ebsi"
      ],
      "keyManagement": [
        "HSM",
        "Cloud KMS",
        "Software"
      ],
      "certifications": [
        "ISO 27001",
        "EUDI Wallet LSP"
      ],
      "standards": [
        "ARF 1.4",
        "EBSI"
      ],
      "features": [
        "Enterprise SSO integration",
        "Audit logging",
        "Multi-organization support",
        "Role-based access control"
      ],
      "documentation": "https://docs.esatus.com",
      "status": "production",
      "releaseDate": "2021-09-01",
      "provider": {
        "name": "esatus AG",
        "did": "did:web:esatus.com",
        "website": "https://esatus.com",
        "logo": "https://esatus.com/logo.png",
        "contact": {
          "email": "info@esatus.com"
        }
      },
      "catalogUrl": "/Users/victorvanderhulst/Projects/wallet-catalog/community-catalogs/esatus/wallet-catalog.json",
      "fetchedAt": "2026-01-06T08:49:56.455Z",
      "source": "local"
    },
    {
      "id": "esatus-consumer-wallet",
      "name": "esatus Personal Wallet",
      "description": "Consumer-focused wallet for personal digital identity.",
      "website": "https://esatus.com/personal-wallet",
      "type": "personal",
      "platforms": [
        "iOS",
        "Android"
      ],
      "openSource": false,
      "credentialFormats": [
        "SD-JWT-VC",
        "mDL/mDoc"
      ],
      "issuanceProtocols": [
        "OpenID4VCI"
      ],
      "presentationProtocols": [
        "OpenID4VP",
        "ISO 18013-5"
      ],
      "supportedDIDMethods": [
        "did:key",
        "did:jwk"
      ],
      "keyManagement": [
        "Secure Enclave (iOS)",
        "StrongBox (Android)"
      ],
      "certifications": [],
      "standards": [
        "ARF 1.4"
      ],
      "features": [
        "Biometric authentication",
        "Offline verification",
        "Privacy-preserving presentations"
      ],
      "status": "beta",
      "releaseDate": "2024-11-01",
      "provider": {
        "name": "esatus AG",
        "did": "did:web:esatus.com",
        "website": "https://esatus.com",
        "logo": "https://esatus.com/logo.png",
        "contact": {
          "email": "info@esatus.com"
        }
      },
      "catalogUrl": "/Users/victorvanderhulst/Projects/wallet-catalog/community-catalogs/esatus/wallet-catalog.json",
      "fetchedAt": "2026-01-06T08:49:56.455Z",
      "source": "local"
    },
    {
      "id": "gataca-wallet",
      "name": "Gataca Digital Identity Wallet",
      "description": "A privacy-first digital identity wallet supporting verifiable credentials and self-sovereign identity. HAIP compliance expected November 2025.",
      "type": "personal",
      "platforms": [
        "iOS",
        "Android"
      ],
      "credentialFormats": [
        "SD-JWT-VC",
        "JWT-VC",
        "JSON-LD VC"
      ],
      "protocols": {
        "issuance": [
          "OpenID4VCI"
        ],
        "presentation": [
          "OpenID4VP"
        ]
      },
      "website": "https://gataca.io",
      "appStoreLinks": {
        "iOS": "https://apps.apple.com/app/gataca/id1498607616",
        "android": "https://play.google.com/store/apps/details?id=com.gataca.identity"
      },
      "openSource": false,
      "status": "production",
      "provider": {
        "name": "Gataca Labs",
        "website": "https://gataca.io"
      },
      "catalogUrl": "/Users/victorvanderhulst/Projects/wallet-catalog/community-catalogs/gataca/wallet-catalog.json",
      "fetchedAt": "2026-01-06T08:49:56.455Z",
      "source": "local"
    },
    {
      "id": "google-wallet",
      "name": "Google Wallet",
      "description": "Google's digital wallet for Android devices, supporting payment cards, loyalty cards, boarding passes, tickets, and digital identity credentials.",
      "type": "personal",
      "platforms": [
        "Android"
      ],
      "credentialFormats": [
        "mDL/mDoc"
      ],
      "website": "https://wallet.google.com/",
      "appStoreLinks": {
        "android": "https://play.google.com/store/apps/details?id=com.google.android.apps.walletnfcrel"
      },
      "openSource": false,
      "status": "production",
      "provider": {
        "name": "Google",
        "website": "https://www.google.com"
      },
      "catalogUrl": "/Users/victorvanderhulst/Projects/wallet-catalog/community-catalogs/google/wallet-catalog.json",
      "fetchedAt": "2026-01-06T08:49:56.456Z",
      "source": "local"
    },
    {
      "id": "idemia-digital-id-wallet",
      "name": "IDEMIA Digital ID Wallet",
      "description": "An enterprise-grade digital identity wallet from a global leader in identity solutions, designed for government-scale deployments with ISO-compliant mobile driving licenses.",
      "logo": "https://idemia.com/wallet-logo.png",
      "website": "https://idemia.com/digital-id-wallet",
      "type": "personal",
      "platforms": [
        "iOS",
        "Android"
      ],
      "openSource": false,
      "credentialFormats": [
        "mDL/mDoc",
        "SD-JWT-VC"
      ],
      "issuanceProtocols": [
        "OpenID4VCI",
        "ISO 18013-5 (Device Retrieval)"
      ],
      "presentationProtocols": [
        "OpenID4VP",
        "ISO 18013-5"
      ],
      "supportedDIDMethods": [
        "did:key",
        "did:web"
      ],
      "keyManagement": [
        "Secure Enclave (iOS)",
        "StrongBox (Android)",
        "TEE"
      ],
      "certifications": [
        "EUDI Wallet LSP",
        "Common Criteria"
      ],
      "standards": [
        "ARF 1.4",
        "mDL ISO 18013-5"
      ],
      "features": [
        "Government-scale deployment",
        "ISO 18013-5 compliant mDL",
        "NFC proximity verification",
        "Biometric binding",
        "High assurance identity proofing"
      ],
      "documentation": "https://idemia.com/developers",
      "status": "production",
      "releaseDate": "2020-09-01",
      "provider": {
        "name": "IDEMIA",
        "did": "did:web:idemia.com",
        "website": "https://idemia.com",
        "logo": "https://idemia.com/logo.png",
        "contact": {
          "email": "contact@idemia.com"
        }
      },
      "catalogUrl": "/Users/victorvanderhulst/Projects/wallet-catalog/community-catalogs/idemia/wallet-catalog.json",
      "fetchedAt": "2026-01-06T08:49:56.456Z",
      "source": "local"
    },
    {
      "id": "igrant-data-wallet",
      "name": "Data Wallet by iGrant.io",
      "description": "A privacy-first data wallet focused on GDPR compliance and data exchange, enabling individuals to manage consent and share verifiable credentials securely.",
      "logo": "https://igrant.io/wallet-logo.png",
      "website": "https://igrant.io/datawallet",
      "type": "personal",
      "platforms": [
        "iOS",
        "Android",
        "Web"
      ],
      "openSource": true,
      "license": "Apache-2.0",
      "repository": "https://github.com/decentralised-dataexchange/data-wallet",
      "credentialFormats": [
        "SD-JWT-VC",
        "JWT-VC",
        "AnonCreds"
      ],
      "issuanceProtocols": [
        "OpenID4VCI",
        "DIDComm Issue Credential v2"
      ],
      "presentationProtocols": [
        "OpenID4VP",
        "DIDComm Present Proof v2"
      ],
      "supportedDIDMethods": [
        "did:key",
        "did:web",
        "did:peer"
      ],
      "keyManagement": [
        "Secure Enclave (iOS)",
        "StrongBox (Android)",
        "Software"
      ],
      "certifications": [],
      "interoperabilityProfiles": [
        "HAIP",
        "DIIP v4"
      ],
      "standards": [
        "ARF 1.4"
      ],
      "features": [
        "GDPR consent management",
        "Data agreement signing",
        "Privacy dashboard",
        "Credential sharing with consent",
        "Audit trail"
      ],
      "documentation": "https://docs.igrant.io",
      "appStoreLinks": {
        "iOS": "https://apps.apple.com/app/data-wallet/id1522644429",
        "android": "https://play.google.com/store/apps/details?id=io.igrant.mobileagent"
      },
      "status": "production",
      "releaseDate": "2021-06-01",
      "provider": {
        "name": "iGrant.io",
        "did": "did:web:igrant.io",
        "website": "https://igrant.io",
        "logo": "https://igrant.io/logo.png",
        "contact": {
          "email": "info@igrant.io"
        }
      },
      "catalogUrl": "/Users/victorvanderhulst/Projects/wallet-catalog/community-catalogs/igrant/wallet-catalog.json",
      "fetchedAt": "2026-01-06T08:49:56.456Z",
      "source": "local"
    },
    {
      "id": "unime-wallet",
      "name": "UniMe",
      "description": "A privacy-focused identity wallet supporting HAIP interoperability profile, enabling secure storage and sharing of verifiable credentials.",
      "type": "personal",
      "platforms": [
        "iOS",
        "Android"
      ],
      "credentialFormats": [
        "SD-JWT-VC",
        "JWT-VC"
      ],
      "protocols": {
        "issuance": [
          "OpenID4VCI"
        ],
        "presentation": [
          "OpenID4VP"
        ]
      },
      "interoperabilityProfiles": [
        "HAIP"
      ],
      "website": "https://impierce.com/unime",
      "appStoreLinks": {
        "iOS": "https://apps.apple.com/app/unime-identity-wallet/id6451394321",
        "android": "https://play.google.com/store/apps/details?id=com.impierce.identity_wallet"
      },
      "openSource": true,
      "status": "production",
      "provider": {
        "name": "Impierce Technologies",
        "website": "https://impierce.com"
      },
      "catalogUrl": "/Users/victorvanderhulst/Projects/wallet-catalog/community-catalogs/impierce/wallet-catalog.json",
      "fetchedAt": "2026-01-06T08:49:56.457Z",
      "source": "local"
    },
    {
      "id": "lissi-wallet",
      "name": "Lissi Wallet",
      "description": "A privacy-focused digital identity wallet developed by Neosfer, a subsidiary of Commerzbank, enabling users to securely store and share verifiable credentials.",
      "logo": "https://lissi.id/wallet-logo.png",
      "website": "https://lissi.id/wallet",
      "type": "personal",
      "platforms": [
        "iOS",
        "Android"
      ],
      "openSource": false,
      "credentialFormats": [
        "SD-JWT-VC",
        "AnonCreds",
        "JWT-VC"
      ],
      "issuanceProtocols": [
        "OpenID4VCI",
        "DIDComm Issue Credential v2"
      ],
      "presentationProtocols": [
        "OpenID4VP",
        "DIDComm Present Proof v2",
        "SIOPv2"
      ],
      "supportedDIDMethods": [
        "did:key",
        "did:peer",
        "did:indy"
      ],
      "keyManagement": [
        "Secure Enclave (iOS)",
        "StrongBox (Android)",
        "Software"
      ],
      "certifications": [
        "EUDI Wallet LSP"
      ],
      "interoperabilityProfiles": [
        "HAIP"
      ],
      "standards": [
        "ARF 1.4"
      ],
      "features": [
        "Biometric authentication",
        "Privacy-preserving selective disclosure",
        "Credential backup",
        "Multi-language support"
      ],
      "documentation": "https://docs.lissi.id",
      "appStoreLinks": {
        "iOS": "https://apps.apple.com/app/lissi-wallet/id1529848685",
        "android": "https://play.google.com/store/apps/details?id=io.lissi.mobile.android"
      },
      "status": "production",
      "releaseDate": "2021-01-15",
      "provider": {
        "name": "Neosfer GmbH",
        "did": "did:web:lissi.id",
        "website": "https://lissi.id",
        "logo": "https://lissi.id/logo.png",
        "contact": {
          "email": "info@lissi.id"
        }
      },
      "catalogUrl": "/Users/victorvanderhulst/Projects/wallet-catalog/community-catalogs/lissi/wallet-catalog.json",
      "fetchedAt": "2026-01-06T08:49:56.457Z",
      "source": "local"
    },
    {
      "id": "microsoft-authenticator",
      "name": "Microsoft Authenticator",
      "description": "Microsoft's authentication app that also supports verifiable credentials through Microsoft Entra Verified ID, enabling passwordless sign-in and digital identity verification.",
      "type": "personal",
      "platforms": [
        "iOS",
        "Android"
      ],
      "credentialFormats": [
        "JWT-VC"
      ],
      "protocols": {
        "issuance": [
          "OpenID4VCI"
        ],
        "presentation": [
          "OpenID4VP"
        ]
      },
      "website": "https://www.microsoft.com/authenticator",
      "appStoreLinks": {
        "iOS": "https://apps.apple.com/us/app/microsoft-authenticator/id983156458",
        "android": "https://play.google.com/store/apps/details?id=com.azure.authenticator"
      },
      "openSource": false,
      "status": "production",
      "provider": {
        "name": "Microsoft",
        "website": "https://www.microsoft.com"
      },
      "catalogUrl": "/Users/victorvanderhulst/Projects/wallet-catalog/community-catalogs/microsoft/wallet-catalog.json",
      "fetchedAt": "2026-01-06T08:49:56.457Z",
      "source": "local"
    },
    {
      "id": "yivi",
      "name": "Yivi",
      "description": "An open-source privacy-friendly identity wallet (formerly IRMA) developed by the Privacy by Design Foundation, enabling attribute-based credentials with selective disclosure.",
      "type": "personal",
      "platforms": [
        "iOS",
        "Android"
      ],
      "credentialFormats": [
        "AnonCreds"
      ],
      "protocols": {
        "presentation": [
          "IRMA Protocol"
        ]
      },
      "website": "https://yivi.app",
      "appStoreLinks": {
        "iOS": "https://apps.apple.com/app/yivi/id1294092994",
        "android": "https://play.google.com/store/apps/details?id=org.irmacard.cardemu"
      },
      "openSource": true,
      "repositoryUrl": "https://github.com/privacybydesign",
      "status": "production",
      "provider": {
        "name": "Privacy by Design Foundation",
        "website": "https://privacybydesign.foundation"
      },
      "catalogUrl": "/Users/victorvanderhulst/Projects/wallet-catalog/community-catalogs/privacybydesign/wallet-catalog.json",
      "fetchedAt": "2026-01-06T08:49:56.458Z",
      "source": "local"
    },
    {
      "id": "procivis-one",
      "name": "Procivis One",
      "description": "A comprehensive Swiss-made digital identity platform combining wallet, issuer, and verifier capabilities with strong focus on privacy and security.",
      "logo": "https://procivis.ch/one-logo.png",
      "website": "https://procivis.ch/one",
      "type": "personal",
      "platforms": [
        "iOS",
        "Android",
        "Web"
      ],
      "openSource": true,
      "license": "Apache-2.0",
      "repository": "https://github.com/procivis/one-core",
      "credentialFormats": [
        "SD-JWT-VC",
        "JWT-VC",
        "JSON-LD VC",
        "mDL/mDoc"
      ],
      "issuanceProtocols": [
        "OpenID4VCI"
      ],
      "presentationProtocols": [
        "OpenID4VP",
        "ISO 18013-5",
        "SIOPv2"
      ],
      "supportedDIDMethods": [
        "did:web",
        "did:key",
        "did:jwk"
      ],
      "keyManagement": [
        "Secure Enclave (iOS)",
        "StrongBox (Android)",
        "HSM"
      ],
      "certifications": [],
      "standards": [
        "ARF 1.4",
        "HAIP"
      ],
      "features": [
        "Swiss data protection compliance",
        "On-premise deployment",
        "Credential revocation",
        "Audit logging",
        "Multi-language support"
      ],
      "documentation": "https://docs.procivis.ch",
      "appStoreLinks": {
        "iOS": "https://apps.apple.com/app/procivis-one/id1234567890",
        "android": "https://play.google.com/store/apps/details?id=ch.procivis.one"
      },
      "status": "production",
      "releaseDate": "2023-01-15",
      "provider": {
        "name": "Procivis AG",
        "did": "did:web:procivis.ch",
        "website": "https://procivis.ch",
        "logo": "https://procivis.ch/logo.png",
        "contact": {
          "email": "info@procivis.ch"
        }
      },
      "catalogUrl": "/Users/victorvanderhulst/Projects/wallet-catalog/community-catalogs/procivis/wallet-catalog.json",
      "fetchedAt": "2026-01-06T08:49:56.458Z",
      "source": "local"
    },
    {
      "id": "scytales-id-wallet",
      "name": "Scytales ID Wallet",
      "description": "An enterprise-grade digital identity wallet for secure credential management, supporting various verifiable credential formats.",
      "type": "personal",
      "platforms": [
        "iOS",
        "Android"
      ],
      "credentialFormats": [
        "SD-JWT-VC",
        "JWT-VC"
      ],
      "protocols": {
        "issuance": [
          "OpenID4VCI"
        ],
        "presentation": [
          "OpenID4VP"
        ]
      },
      "website": "https://scytales.com",
      "appStoreLinks": {
        "iOS": "https://apps.apple.com/app/scytales-id/id1526508103",
        "android": "https://play.google.com/store/apps/details?id=com.scytales.wallet"
      },
      "openSource": false,
      "status": "production",
      "provider": {
        "name": "Scytales",
        "website": "https://scytales.com"
      },
      "catalogUrl": "/Users/victorvanderhulst/Projects/wallet-catalog/community-catalogs/scytales/wallet-catalog.json",
      "fetchedAt": "2026-01-06T08:49:56.459Z",
      "source": "local"
    },
    {
      "id": "sphereon-wallet",
      "name": "Sphereon Wallet",
      "description": "Enterprise-grade digital identity wallet with support for multiple credential formats and protocols.",
      "logo": "https://sphereon.com/wallet-logo.png",
      "website": "https://sphereon.com/wallet",
      "type": "personal",
      "platforms": [
        "iOS",
        "Android",
        "Web"
      ],
      "openSource": true,
      "license": "Apache-2.0",
      "repository": "https://github.com/Sphereon-Opensource/ssi-mobile-wallet",
      "credentialFormats": [
        "SD-JWT-VC",
        "JWT-VC",
        "JSON-LD VC",
        "mDL/mDoc"
      ],
      "issuanceProtocols": [
        "OpenID4VCI"
      ],
      "presentationProtocols": [
        "OpenID4VP",
        "SIOPv2"
      ],
      "supportedDIDMethods": [
        "did:web",
        "did:key",
        "did:jwk",
        "did:ion",
        "did:ebsi"
      ],
      "keyManagement": [
        "Secure Enclave (iOS)",
        "StrongBox (Android)",
        "Software"
      ],
      "certifications": [
        "EUDI Wallet LSP"
      ],
      "standards": [
        "ARF 1.4",
        "EBSI"
      ],
      "features": [
        "Multi-tenant support",
        "Enterprise integration",
        "Biometric authentication",
        "Cross-platform sync"
      ],
      "documentation": "https://docs.sphereon.com/wallet",
      "appStoreLinks": {
        "iOS": "https://apps.apple.com/app/sphereon-wallet/id987654321",
        "android": "https://play.google.com/store/apps/details?id=com.sphereon.wallet"
      },
      "status": "production",
      "releaseDate": "2022-03-15",
      "provider": {
        "name": "Sphereon",
        "did": "did:web:sphereon.com",
        "website": "https://sphereon.com",
        "logo": "https://sphereon.com/logo.png",
        "contact": {
          "email": "info@sphereon.com"
        }
      },
      "catalogUrl": "/Users/victorvanderhulst/Projects/wallet-catalog/community-catalogs/sphereon/wallet-catalog.json",
      "fetchedAt": "2026-01-06T08:49:56.459Z",
      "source": "local"
    },
    {
      "id": "altme-wallet",
      "name": "Altme",
      "description": "A self-sovereign identity wallet for managing verifiable credentials, supporting decentralized identity standards and blockchain-based credentials.",
      "type": "personal",
      "platforms": [
        "iOS",
        "Android"
      ],
      "credentialFormats": [
        "SD-JWT-VC",
        "JWT-VC",
        "JSON-LD VC"
      ],
      "protocols": {
        "issuance": [
          "OpenID4VCI"
        ],
        "presentation": [
          "OpenID4VP"
        ]
      },
      "website": "https://altme.io",
      "appStoreLinks": {
        "iOS": "https://apps.apple.com/app/altme-wallet/id1633216869",
        "android": "https://play.google.com/store/apps/details?id=co.altme.alt.me.altme"
      },
      "openSource": true,
      "status": "production",
      "provider": {
        "name": "Talao",
        "website": "https://talao.io"
      },
      "catalogUrl": "/Users/victorvanderhulst/Projects/wallet-catalog/community-catalogs/talao/wallet-catalog.json",
      "fetchedAt": "2026-01-06T08:49:56.459Z",
      "source": "local"
    },
    {
      "id": "talao-wallet",
      "name": "Talao Wallet",
      "description": "Enterprise-grade identity wallet supporting verifiable credentials and decentralized identity protocols. HAIP compliant (expected November 2025).",
      "type": "personal",
      "platforms": [
        "iOS",
        "Android"
      ],
      "credentialFormats": [
        "SD-JWT-VC",
        "JWT-VC",
        "JSON-LD VC"
      ],
      "protocols": {
        "issuance": [
          "OpenID4VCI"
        ],
        "presentation": [
          "OpenID4VP"
        ]
      },
      "website": "https://talao.io",
      "appStoreLinks": {
        "iOS": "https://apps.apple.com/app/talao-wallet/id1582183266",
        "android": "https://play.google.com/store/apps/details?id=co.talao.wallet"
      },
      "openSource": true,
      "status": "production",
      "provider": {
        "name": "Talao",
        "website": "https://talao.io"
      },
      "catalogUrl": "/Users/victorvanderhulst/Projects/wallet-catalog/community-catalogs/talao/wallet-catalog.json",
      "fetchedAt": "2026-01-06T08:49:56.459Z",
      "source": "local"
    },
    {
      "id": "vira-wallet",
      "name": "Vira",
      "description": "A decentralized identity wallet built on IOTA technology, enabling secure management of verifiable credentials with a focus on sustainability and scalability.",
      "type": "personal",
      "platforms": [
        "iOS",
        "Android"
      ],
      "credentialFormats": [
        "SD-JWT-VC",
        "JWT-VC"
      ],
      "protocols": {
        "issuance": [
          "OpenID4VCI"
        ],
        "presentation": [
          "OpenID4VP"
        ]
      },
      "website": "https://tanglelabs.io",
      "appStoreLinks": {
        "iOS": "https://apps.apple.com/app/vira-wallet/id6466040524",
        "android": "https://play.google.com/store/apps/details?id=io.tanglelabs.vira"
      },
      "openSource": false,
      "status": "production",
      "provider": {
        "name": "Tangle Labs",
        "website": "https://tanglelabs.io"
      },
      "catalogUrl": "/Users/victorvanderhulst/Projects/wallet-catalog/community-catalogs/tanglelabs/wallet-catalog.json",
      "fetchedAt": "2026-01-06T08:49:56.459Z",
      "source": "local"
    },
    {
      "id": "thales-digital-id-wallet",
      "name": "Thales Digital ID Wallet",
      "description": "An enterprise digital identity wallet solution from Thales, supporting mobile driver's licenses and government credentials with strong security guarantees.",
      "logo": "https://thalesgroup.com/wallet-logo.png",
      "website": "https://thalesgroup.com/digital-id-wallet",
      "type": "personal",
      "platforms": [
        "iOS",
        "Android"
      ],
      "openSource": false,
      "credentialFormats": [
        "mDL/mDoc",
        "SD-JWT-VC",
        "X.509"
      ],
      "issuanceProtocols": [
        "OpenID4VCI",
        "ISO 18013-5 (Device Retrieval)"
      ],
      "presentationProtocols": [
        "OpenID4VP",
        "ISO 18013-5"
      ],
      "supportedDIDMethods": [
        "did:web",
        "did:key"
      ],
      "keyManagement": [
        "Secure Enclave (iOS)",
        "StrongBox (Android)",
        "HSM",
        "Smart Card"
      ],
      "certifications": [
        "EUDI Wallet LSP",
        "Common Criteria",
        "ISO 27001"
      ],
      "standards": [
        "ARF 1.4",
        "mDL ISO 18013-5",
        "EBSI"
      ],
      "features": [
        "Government-grade security",
        "Remote identity proofing",
        "PKI integration",
        "Smart card support",
        "Enterprise MDM integration"
      ],
      "documentation": "https://thalesgroup.com/developers",
      "status": "production",
      "releaseDate": "2021-03-01",
      "provider": {
        "name": "Thales Group",
        "did": "did:web:thalesgroup.com",
        "website": "https://thalesgroup.com",
        "logo": "https://thalesgroup.com/logo.png",
        "contact": {
          "email": "dis.info@thalesgroup.com"
        }
      },
      "catalogUrl": "/Users/victorvanderhulst/Projects/wallet-catalog/community-catalogs/thales/wallet-catalog.json",
      "fetchedAt": "2026-01-06T08:49:56.460Z",
      "source": "local"
    },
    {
      "id": "toppan-security-wallet",
      "name": "TOPPAN Security Wallet",
      "description": "An enterprise security wallet supporting digital identity and verifiable credentials. HAIP compliance expected November 2025.",
      "type": "personal",
      "platforms": [
        "iOS",
        "Android"
      ],
      "credentialFormats": [
        "SD-JWT-VC",
        "JWT-VC"
      ],
      "protocols": {
        "issuance": [
          "OpenID4VCI"
        ],
        "presentation": [
          "OpenID4VP"
        ]
      },
      "website": "https://www.toppan.com",
      "appStoreLinks": {
        "iOS": "https://apps.apple.com/app/ts-digital-onboarding-solution/id6479744390",
        "android": "https://play.google.com/store/apps/details?id=com.toppangravity.app"
      },
      "openSource": false,
      "status": "production",
      "provider": {
        "name": "Toppan",
        "website": "https://www.toppan.com"
      },
      "catalogUrl": "/Users/victorvanderhulst/Projects/wallet-catalog/community-catalogs/toppan/wallet-catalog.json",
      "fetchedAt": "2026-01-06T08:49:56.460Z",
      "source": "local"
    },
    {
      "id": "trinsic-wallet",
      "name": "Trinsic Wallet",
      "description": "A developer-friendly identity wallet platform with white-label SDKs and APIs, enabling organizations to quickly deploy verifiable credential solutions.",
      "logo": "https://trinsic.id/wallet-logo.png",
      "website": "https://trinsic.id/wallet",
      "type": "personal",
      "platforms": [
        "iOS",
        "Android",
        "Web"
      ],
      "openSource": false,
      "credentialFormats": [
        "SD-JWT-VC",
        "JWT-VC",
        "AnonCreds"
      ],
      "issuanceProtocols": [
        "OpenID4VCI"
      ],
      "presentationProtocols": [
        "OpenID4VP",
        "SIOPv2"
      ],
      "supportedDIDMethods": [
        "did:web",
        "did:key",
        "did:ion"
      ],
      "keyManagement": [
        "Secure Enclave (iOS)",
        "StrongBox (Android)",
        "Cloud KMS"
      ],
      "certifications": [],
      "standards": [],
      "features": [
        "White-label SDK",
        "Developer-friendly API",
        "Credential templates",
        "Analytics dashboard",
        "Multi-platform support"
      ],
      "documentation": "https://docs.trinsic.id",
      "appStoreLinks": {
        "iOS": "https://apps.apple.com/app/trinsic-wallet/id1475160728",
        "android": "https://play.google.com/store/apps/details?id=id.trinsic.wallet"
      },
      "status": "production",
      "releaseDate": "2020-03-01",
      "provider": {
        "name": "Trinsic",
        "did": "did:web:trinsic.id",
        "website": "https://trinsic.id",
        "logo": "https://trinsic.id/logo.png",
        "contact": {
          "email": "support@trinsic.id"
        }
      },
      "catalogUrl": "/Users/victorvanderhulst/Projects/wallet-catalog/community-catalogs/trinsic/wallet-catalog.json",
      "fetchedAt": "2026-01-06T08:49:56.460Z",
      "source": "local"
    },
    {
      "id": "heidi-wallet",
      "name": "Heidi Wallet App",
      "description": "A HAIP-compliant Swiss identity wallet supporting verifiable credentials for secure digital identity management.",
      "type": "personal",
      "platforms": [
        "iOS",
        "Android"
      ],
      "credentialFormats": [
        "SD-JWT-VC",
        "JWT-VC"
      ],
      "protocols": {
        "issuance": [
          "OpenID4VCI"
        ],
        "presentation": [
          "OpenID4VP"
        ]
      },
      "interoperabilityProfiles": [
        "HAIP"
      ],
      "website": "https://ubique.ch",
      "appStoreLinks": {
        "iOS": "https://apps.apple.com/bj/app/heidi-wallet/id6741428702",
        "android": "https://play.google.com/store/apps/details?id=ch.ubique.heidi.android"
      },
      "openSource": false,
      "status": "production",
      "provider": {
        "name": "Ubique Innovation",
        "website": "https://ubique.ch"
      },
      "catalogUrl": "/Users/victorvanderhulst/Projects/wallet-catalog/community-catalogs/ubique/wallet-catalog.json",
      "fetchedAt": "2026-01-06T08:49:56.461Z",
      "source": "local"
    },
    {
      "id": "vidwallet",
      "name": "VIDwallet",
      "description": "A HAIP-compliant digital identity wallet enabling secure storage and presentation of verifiable credentials for individuals and organizations.",
      "type": "personal",
      "platforms": [
        "iOS",
        "Android"
      ],
      "credentialFormats": [
        "SD-JWT-VC",
        "JWT-VC"
      ],
      "protocols": {
        "issuance": [
          "OpenID4VCI"
        ],
        "presentation": [
          "OpenID4VP"
        ]
      },
      "interoperabilityProfiles": [
        "HAIP"
      ],
      "website": "https://www.validatedid.com",
      "appStoreLinks": {
        "iOS": "https://apps.apple.com/app/vidwallet/id1554340592",
        "android": "https://play.google.com/store/apps/details?id=com.validatedid.wallet"
      },
      "openSource": false,
      "status": "production",
      "provider": {
        "name": "Validated ID",
        "website": "https://www.validatedid.com"
      },
      "catalogUrl": "/Users/victorvanderhulst/Projects/wallet-catalog/community-catalogs/validatedid/wallet-catalog.json",
      "fetchedAt": "2026-01-06T08:49:56.461Z",
      "source": "local"
    },
    {
      "id": "waltid-wallet",
      "name": "walt.id Web Wallet",
      "description": "An open-source, white-label identity wallet solution that can be deployed as a web application, supporting multiple credential formats and protocols.",
      "logo": "https://walt.id/wallet-logo.png",
      "website": "https://wallet.walt.id",
      "type": "organizational",
      "platforms": [
        "Web"
      ],
      "openSource": true,
      "license": "Apache-2.0",
      "repository": "https://github.com/walt-id/waltid-identity",
      "credentialFormats": [
        "SD-JWT-VC",
        "JWT-VC",
        "JSON-LD VC",
        "mDL/mDoc"
      ],
      "issuanceProtocols": [
        "OpenID4VCI"
      ],
      "presentationProtocols": [
        "OpenID4VP",
        "SIOPv2"
      ],
      "supportedDIDMethods": [
        "did:web",
        "did:key",
        "did:jwk",
        "did:ebsi",
        "did:cheqd"
      ],
      "keyManagement": [
        "Software",
        "Cloud KMS"
      ],
      "certifications": [],
      "standards": [
        "ARF 1.4",
        "EBSI"
      ],
      "features": [
        "White-label customization",
        "Multi-tenant support",
        "REST API",
        "Kubernetes deployment",
        "DID management"
      ],
      "documentation": "https://docs.walt.id",
      "appStoreLinks": {
        "web": "https://wallet.walt.id"
      },
      "status": "production",
      "releaseDate": "2022-06-01",
      "provider": {
        "name": "walt.id",
        "did": "did:web:walt.id",
        "website": "https://walt.id",
        "logo": "https://walt.id/logo.png",
        "contact": {
          "email": "office@walt.id"
        }
      },
      "catalogUrl": "/Users/victorvanderhulst/Projects/wallet-catalog/community-catalogs/waltid/wallet-catalog.json",
      "fetchedAt": "2026-01-06T08:49:56.461Z",
      "source": "local"
    },
    {
      "id": "wwwallet",
      "name": "wwWallet",
      "description": "An open-source web-based wallet for verifiable credentials, enabling users to manage their digital identity directly in the browser without installing an app.",
      "type": "personal",
      "platforms": [
        "Web"
      ],
      "credentialFormats": [
        "SD-JWT-VC",
        "JWT-VC"
      ],
      "protocols": {
        "issuance": [
          "OpenID4VCI"
        ],
        "presentation": [
          "OpenID4VP"
        ]
      },
      "website": "https://wwwallet.org",
      "appStoreLinks": {
        "web": "https://demo.wwwallet.org/login"
      },
      "openSource": true,
      "repositoryUrl": "https://github.com/wwWallet",
      "status": "production",
      "provider": {
        "name": "wwWallet.org",
        "website": "https://wwwallet.org"
      },
      "catalogUrl": "/Users/victorvanderhulst/Projects/wallet-catalog/community-catalogs/wwwallet/wallet-catalog.json",
      "fetchedAt": "2026-01-06T08:49:56.461Z",
      "source": "local"
    },
    {
      "id": "eausweise",
      "name": "eAusweise (Austrian Wallet)",
      "description": "The official Austrian government identity wallet, enabling citizens to store and present digital identity documents and verifiable credentials.",
      "type": "personal",
      "platforms": [
        "iOS",
        "Android"
      ],
      "credentialFormats": [
        "SD-JWT-VC",
        "mDL/mDoc"
      ],
      "protocols": {
        "issuance": [
          "OpenID4VCI"
        ],
        "presentation": [
          "OpenID4VP"
        ]
      },
      "website": "https://www.oesterreich.gv.at",
      "appStoreLinks": {
        "iOS": "https://apps.apple.com/de/app/eausweise/id1641458335",
        "android": "https://play.google.com/store/apps/details?id=at.gv.oe.awp.eausweise"
      },
      "openSource": false,
      "status": "production",
      "provider": {
        "name": "youniqx Identity AG",
        "website": "https://www.youniqx.com"
      },
      "catalogUrl": "/Users/victorvanderhulst/Projects/wallet-catalog/community-catalogs/youniqx/wallet-catalog.json",
      "fetchedAt": "2026-01-06T08:49:56.461Z",
      "source": "local"
    },
    {
      "id": "eid-li",
      "name": "eID.li (Liechtenstein Wallet)",
      "description": "The official Liechtenstein government identity wallet, enabling citizens to store and present digital identity documents and verifiable credentials.",
      "type": "personal",
      "platforms": [
        "iOS",
        "Android"
      ],
      "credentialFormats": [
        "SD-JWT-VC",
        "mDL/mDoc"
      ],
      "protocols": {
        "issuance": [
          "OpenID4VCI"
        ],
        "presentation": [
          "OpenID4VP"
        ]
      },
      "website": "https://www.llv.li",
      "appStoreLinks": {
        "iOS": "https://apps.apple.com/us/app/eid-li/id1490404943",
        "android": "https://play.google.com/store/apps/details?id=li.llv.eidli.app"
      },
      "openSource": false,
      "status": "production",
      "provider": {
        "name": "youniqx Identity AG",
        "website": "https://www.youniqx.com"
      },
      "catalogUrl": "/Users/victorvanderhulst/Projects/wallet-catalog/community-catalogs/youniqx/wallet-catalog.json",
      "fetchedAt": "2026-01-06T08:49:56.461Z",
      "source": "local"
    },
    {
      "id": "yourd-data-wallet",
      "name": "YourD Data Wallet",
      "description": "A data ownership wallet supporting both HAIP and DIIP v4 interoperability profiles, enabling secure management of personal data and verifiable credentials.",
      "type": "personal",
      "platforms": [
        "iOS",
        "Android"
      ],
      "credentialFormats": [
        "SD-JWT-VC",
        "JWT-VC"
      ],
      "protocols": {
        "issuance": [
          "OpenID4VCI"
        ],
        "presentation": [
          "OpenID4VP"
        ]
      },
      "interoperabilityProfiles": [
        "HAIP",
        "DIIP v4"
      ],
      "website": "https://yourd.xyz",
      "appStoreLinks": {
        "iOS": "https://apps.apple.com/app/yourd/id6477564824",
        "android": "https://play.google.com/store/apps/details?id=com.yourd.connect"
      },
      "openSource": false,
      "status": "production",
      "provider": {
        "name": "YourD",
        "website": "https://yourd.xyz"
      },
      "catalogUrl": "/Users/victorvanderhulst/Projects/wallet-catalog/community-catalogs/yourd/wallet-catalog.json",
      "fetchedAt": "2026-01-06T08:49:56.462Z",
      "source": "local"
    }
  ],
  "providers": [
    {
      "name": "Animo Solutions",
      "did": "did:web:animo.id",
      "website": "https://animo.id",
      "logo": "https://animo.id/images/logo.png",
      "contact": {
        "email": "info@animo.id",
        "support": "https://animo.id/support"
      }
    },
    {
      "name": "Apple",
      "website": "https://www.apple.com"
    },
    {
      "name": "Government of British Columbia",
      "did": "did:web:digital.gov.bc.ca",
      "website": "https://digital.gov.bc.ca",
      "logo": "https://digital.gov.bc.ca/logo.png",
      "contact": {
        "email": "DItrust@gov.bc.ca"
      }
    },
    {
      "name": "Digidentity",
      "website": "https://www.digidentity.com"
    },
    {
      "name": "esatus AG",
      "did": "did:web:esatus.com",
      "website": "https://esatus.com",
      "logo": "https://esatus.com/logo.png",
      "contact": {
        "email": "info@esatus.com"
      }
    },
    {
      "name": "Gataca Labs",
      "website": "https://gataca.io"
    },
    {
      "name": "Google",
      "website": "https://www.google.com"
    },
    {
      "name": "IDEMIA",
      "did": "did:web:idemia.com",
      "website": "https://idemia.com",
      "logo": "https://idemia.com/logo.png",
      "contact": {
        "email": "contact@idemia.com"
      }
    },
    {
      "name": "iGrant.io",
      "did": "did:web:igrant.io",
      "website": "https://igrant.io",
      "logo": "https://igrant.io/logo.png",
      "contact": {
        "email": "info@igrant.io"
      }
    },
    {
      "name": "Impierce Technologies",
      "website": "https://impierce.com"
    },
    {
      "name": "Neosfer GmbH",
      "did": "did:web:lissi.id",
      "website": "https://lissi.id",
      "logo": "https://lissi.id/logo.png",
      "contact": {
        "email": "info@lissi.id"
      }
    },
    {
      "name": "Microsoft",
      "website": "https://www.microsoft.com"
    },
    {
      "name": "Privacy by Design Foundation",
      "website": "https://privacybydesign.foundation"
    },
    {
      "name": "Procivis AG",
      "did": "did:web:procivis.ch",
      "website": "https://procivis.ch",
      "logo": "https://procivis.ch/logo.png",
      "contact": {
        "email": "info@procivis.ch"
      }
    },
    {
      "name": "Scytales",
      "website": "https://scytales.com"
    },
    {
      "name": "Sphereon",
      "did": "did:web:sphereon.com",
      "website": "https://sphereon.com",
      "logo": "https://sphereon.com/logo.png",
      "contact": {
        "email": "info@sphereon.com"
      }
    },
    {
      "name": "Talao",
      "website": "https://talao.io"
    },
    {
      "name": "Tangle Labs",
      "website": "https://tanglelabs.io"
    },
    {
      "name": "Thales Group",
      "did": "did:web:thalesgroup.com",
      "website": "https://thalesgroup.com",
      "logo": "https://thalesgroup.com/logo.png",
      "contact": {
        "email": "dis.info@thalesgroup.com"
      }
    },
    {
      "name": "Toppan",
      "website": "https://www.toppan.com"
    },
    {
      "name": "Trinsic",
      "did": "did:web:trinsic.id",
      "website": "https://trinsic.id",
      "logo": "https://trinsic.id/logo.png",
      "contact": {
        "email": "support@trinsic.id"
      }
    },
    {
      "name": "Ubique Innovation",
      "website": "https://ubique.ch"
    },
    {
      "name": "Validated ID",
      "website": "https://www.validatedid.com"
    },
    {
      "name": "walt.id",
      "did": "did:web:walt.id",
      "website": "https://walt.id",
      "logo": "https://walt.id/logo.png",
      "contact": {
        "email": "office@walt.id"
      }
    },
    {
      "name": "wwWallet.org",
      "website": "https://wwwallet.org"
    },
    {
      "name": "youniqx Identity AG",
      "website": "https://www.youniqx.com"
    },
    {
      "name": "YourD",
      "website": "https://yourd.xyz"
    }
  ],
  "lastUpdated": "2026-01-06T08:49:56.637Z",
  "stats": {
    "totalWallets": 30,
    "totalProviders": 12,
    "byType": {
      "personal": 28,
      "organizational": 2
    },
    "byPlatform": {
      "iOS": 27,
      "Android": 27,
      "Web": 7,
      "Windows": 1,
      "macOS": 0,
      "Linux": 0,
      "CLI": 0
    },
    "byCredentialFormat": {
      "SD-JWT-VC": 25,
      "JWT-VC": 21,
      "AnonCreds": 6,
      "mDL/mDoc": 11,
      "X.509": 2,
      "JSON-LD VC": 6
    }
  }
}